,Park,MonitoringLocationIdentifier,int,MonitoringLocationName,LatitudeMeasure,LongitudeMeasure,DrainageAreaMeasure.MeasureValue,DrainageAreaMeasure.MeasureUnitCode,start_date,end_date,end_year,Park_name,NetworkCode,NetworkName
350,DEVA,10250870,s_10250870,TOWNE C NR PANAMINT SPRINGS CA,36.3821666,-117.2836739,0,,1964,1973,1973,Death Valley National Park,MOJN,Mojave Desert Network
211,CARE,9330120,s_09330120,"SULPHUR CREEK NEAR FRUITA, UTAH",38.29997984,-111.2673924,57,sq mi,8/25/1959,1974,1974,Capitol Reef National Park,NCPN,Northern Colorado Plateau Network
270,CHIR,9536350,s_09536350,"SURPRISE CANYON NEAR DOS CABEZAS, ARIZ.",32.0111983,-109.3539509,1,sq mi,1963-08,1976,1976,Chiricahua National Monument,SODN,Sonoran Desert Network
867,LAKE,9421800,s_09421800,"RINGBOLT WASH NEAR HOOVER DAM, ARIZ.",35.9680378,-114.6841464,1,sq mi,1964,1980,1980,Lake Mead National Recreation Area,MOJN,Mojave Desert Network
260,CHIC,7329851,s_07329851,"Outflow From Vendome Well at Sulphur, OK",34.50592244,-96.9722387,NA,,1988,1989,1989,Chickasaw National Recreation Area,SOPN,Southern Plains Network
85,BAND,8313366,s_08313366,"CAPULIN CN BLW RANGER STA AT BANDELIER NAT MON, NM",35.77724817,-106.3511397,NA,,6/26/1996,1998,1998,Bandelier National Monument,SCPN,Southern Colorado Plateau Network
347,DEVA,10250995,s_10250995,TIE CYN AB SCOTTYS CSTL AT DEATH VLY,37.03305556,-117.3444444,NA,,2017,2021,2021,Death Valley National Park,MOJN,Mojave Desert Network
349,DEVA,10250990,s_10250990,GRAPEVINE CYN AB SCOTTYS CSTL BLW SPG AT DEATH VLY,37.03277778,-117.333611,NA,,10/18/2015,2021,2021,Death Valley National Park,MOJN,Mojave Desert Network
1600,WHIS,11371500,s_11371500,CLEAR C NR SHASTA CA,40.6290379,-122.5622372,172,sq mi,1/26/1912,1/18/1913,1913,Whiskeytown-Shasta-Trinity National Recreation Area,KLMN,Klamath Network
1777,YOSE,11274800,s_11274800,TUOLUMNE R AT HETCH HETCHY NR SEQUOIA CA,37.9554763,-119.7593427,404,sq mi,6/18/1911,6/17/1916,1916,Yosemite National Park,SIEN,Sierra Nevada Network
1759,YOSE,11265500,s_11265500,MERCED R A YOSEMITE CA,37.74381435,-119.590165,236,sq mi,6/2/1912,6/9/1917,1917,Yosemite National Park,SIEN,Sierra Nevada Network
736,GRTE,13013500,s_13013500,"SPRING CREEK NEAR TETON, WY",43.68326659,-110.7007649,NA,,7/22/1917,7/22/1917,1917,Grand Teton National Park,GRYN,Greater Yellowstone Network
1756,YOSE,11266000,s_11266000,YOSEMITE C A YOSEMITE CA,37.74548095,-119.5954432,43,sq mi,6/2/1912,6/12/1918,1918,Yosemite National Park,SIEN,Sierra Nevada Network
724,GRTE,13012500,s_13012500,"SPREAD CREEK NEAR MORAN, WY",43.7904954,-110.5379843,120,sq mi,6/15/1918,6/15/1918,1918,Grand Teton National Park,GRYN,Greater Yellowstone Network
734,GRTE,13013000,s_13013000,"COTTONWOOD CREEK NEAR MOOSE, WY",43.67937728,-110.7138208,72,sq mi,6/19/1918,6/19/1918,1918,Grand Teton National Park,GRYN,Greater Yellowstone Network
1771,YOSE,11267500,s_11267500,SF MERCED R NR WAWONA CA,37.54160229,-119.6732143,132,sq mi,6/3/1912,5/13/1921,1921,Yosemite National Park,SIEN,Sierra Nevada Network
1735,YELL,13010000,s_13010000,SNAKE RIVER AT S BOUNDARY OF YELLOWSTONE NATL PARK,44.1336111,-110.6647222,485,sq mi,6/2/1914,6/20/1925,1925,Yellowstone National Park,GRYN,Greater Yellowstone Network
1314,SACN,5332000,s_05332000,"NAMEKAGON RIVER AT TREGO, WI",45.9055026,-91.8182323,460,sq mi,5/19/1915,3/18/1927,1927,Saint Croix National Scenic Riverway,GLKN,Great Lakes Network
465,GARI,3191000,s_03191000,"GAULEY RIVER NEAR LEANDER, WV",38.20288637,-81.0137124,1211,sq mi,10/26/1925,10/2/1929,1929,Gauley River National Recreation Area,ERMN,Eastern Rivers and Mountains Network
480,GLAC,5015000,s_05015000,Canyon Creek near Many Glacier MT,48.7960472,-113.6241889,8,sq mi,5/28/1919,6/1/1936,1936,Glacier National Park,ROMN,Rocky Mountain Network
1719,YELL,6190500,s_06190500,Gardner River at Mammoth YNP,44.9817222,-110.6858361,194,sq mi,6/12/1923,6/6/1938,1938,Yellowstone National Park,GRYN,Greater Yellowstone Network
873,LARO,12405500,s_12405500,"COLUMBIA RIVER AT KETTLE FALLS, WA",48.6221233,-118.1177701,64500,sq mi,1894-06,6/2/1940,1940,Lake Roosevelt National Recreation Area,UCBN,Upper Columbia Basin Network
1684,YELL,6187500,s_06187500,Tower Creek at Tower Falls YNP,44.8922694,-110.3875556,46,sq mi,6/12/1923,6/24/1943,1943,Yellowstone National Park,GRYN,Greater Yellowstone Network
234,CHAT,2335340,s_02335340,"CHATTAHOOCHEE R AT HOLCOMB BR RD, NR NORCROSS, GA",33.9734338,-84.2627002,1210,sq mi,1/8/1946,1/8/1946,1946,Chattahoochee River National Recreation Area,SECN,Southeast Coast Network
173,BLUE,3179500,s_03179500,"BLUESTONE RIVER AT LILLY, WV",37.5848413,-80.9650887,439,sq mi,12/31/1908,2/14/1948,1948,Bluestone National Scenic River,ERMN,Eastern Rivers and Mountains Network
1004,NERI,3186000,s_03186000,NEW RIVER @ FAYETTE,38.06538847,-81.0776014,6866,sq mi,1878-09,2/15/1948,1948,New River Gorge National Park and Preserve,ERMN,Eastern Rivers and Mountains Network
1143,PEFO,9396500,s_09396500,"PUERCO RIVER NEAR ADAMANA, ARIZ",34.9791921,-109.7951157,2654,sq mi,8/23/1940,8/8/1949,1949,Petrified Forest National Park,SCPN,Southern Colorado Plateau Network
311,CURE,9120500,s_09120500,"GUNNISON RIVER AT IOLA, CO.",38.4824915,-107.0889379,2352,sq mi,5/30/1900,5/29/1951,1951,Curecanti National Recreation Area,NCPN,Northern Colorado Plateau Network
1746,YELL,6187000,s_06187000,Yellowstone River near Canyon Hotel YNP,44.710025,-110.5019167,1146,sq mi,1913-06,7/10/1951,1951,Yellowstone National Park,GRYN,Greater Yellowstone Network
657,GRSM,3514000,s_03514000,"HAZEL CREEK AT PROCTOR, NC",35.4773122,-83.7160047,44,sq mi,7/30/1943,12/21/1951,1951,Great Smoky Mountains National Park,APHN,Appalachian Highlands Network
314,CURE,9123000,s_09123000,"SOAP CREEK AT SAPINERO, CO.",38.474992,-107.2989443,86,sq mi,5/16/1911,5/5/1952,1952,Curecanti National Recreation Area,NCPN,Northern Colorado Plateau Network
504,GLCA,9339500,s_09339500,"ESCALANTE RIVER AT MOUTH NEAR ESCALANTE, UTAH",37.3141585,-110.9034837,1770,sq mi,7/18/1950,10/7/1954,1954,Glen Canyon National Recreation Area,SCPN,Southern Colorado Plateau Network
1288,ROMO,9015500,s_09015500,"COLUMBINE CREEK ABV LAKE GRANBY, NR GRAND LAKE, CO",40.18644444,-105.8202778,7,sq mi,6/19/1951,6/22/1955,1955,Rocky Mountain National Park,ROMN,Rocky Mountain Network
1279,ROMO,9013500,s_09013500,"EAST INLET NEAR GRAND LAKE, CO.",40.23637409,-105.7983437,27,sq mi,5/22/1948,6/23/1955,1955,Rocky Mountain National Park,ROMN,Rocky Mountain Network
474,GLAC,5010500,s_05010500,North Fork Belly River at international boundary,48.9882472,-113.7629167,10,sq mi,6/16/1948,6/25/1955,1955,Glacier National Park,ROMN,Rocky Mountain Network
32,AMIS,8449500,s_08449500,"Devils Rv nr Del Rio, TX",29.48355796,-101.0003763,4185,sq mi,4/6/1900,10/6/1955,1955,Amistad National Recreation Area,CHDN,Chihuahuan Desert Network
1039,OLYM,12043450,s_12043450,"CROSS CREEK NEAR FAIRHOLM, WA",48.05536367,-123.8777009,1,sq mi,11/26/1949,11/3/1955,1955,Olympic National Park,NCCN,North Coast and Cascades Network
1003,NERI,3185500,s_03185500,NEW RIVER @ CAPERTON,38.02233437,-81.0289878,6843,sq mi,3/1/1929,3/31/1958,1958,New River Gorge National Park and Preserve,ERMN,Eastern Rivers and Mountains Network
1772,YOSE,11265000,s_11265000,TENAYA C NR YOSEMITE VILLAGE CA,37.7421477,-119.5579409,47,sq mi,6/1/1912,5/18/1958,1958,Yosemite National Park,SIEN,Sierra Nevada Network
509,GLCA,9335000,s_09335000,"COLORADO RIVER AT HITE, UTAH",37.8083222,-110.4493082,76600,sq mi,5/12/1947,6/1/1958,1958,Glen Canyon National Recreation Area,SCPN,Southern Colorado Plateau Network
722,GRTE,13012000,s_13012000,"BUFFALO FORK NEAR MORAN, WY",43.8366086,-110.508539,378,sq mi,6/13/1918,6/18/1960,1960,Grand Teton National Park,GRYN,Greater Yellowstone Network
1298,SACN,5339500,s_05339500,"ST. CROIX RIVER NEAR RUSH CITY, MN",45.7041239,-92.8724325,5400,sq mi,4/24/1923,5/17/1961,1961,Saint Croix National Scenic Riverway,GLKN,Great Lakes Network
479,GLAC,5012500,s_05012500,Boundary Creek at international boundary,48.9958361,-113.9076806,20,sq mi,5/22/1948,6/8/1964,1964,Glacier National Park,ROMN,Rocky Mountain Network
484,GLAC,5012000,s_05012000,Street Creek at international boundary,48.9879694,-113.8787306,5,sq mi,10/19/1947,6/8/1964,1964,Glacier National Park,ROMN,Rocky Mountain Network
485,GLAC,5011500,s_05011500,Waterton River near international boundary,48.95495,-113.899861,62,sq mi,5/23/1948,6/8/1964,1964,Glacier National Park,ROMN,Rocky Mountain Network
481,GLAC,5010000,s_05010000,Belly River at international boundary,48.99709167,-113.6823556,NA,,6/17/1948,6/8/1964,1964,Glacier National Park,ROMN,Rocky Mountain Network
77,ARCH,9182900,s_09182900,"COURTHOUSE WASH AT ARCHES HWY CROSS NR MOAB, UT",38.64859187,-109.5992853,143,sq mi,8/6/1959,10/16/1965,1965,Arches National Park,NCPN,Northern Colorado Plateau Network
880,LIRI,2399000,s_02399000,"LITTLE RIVER NEAR JAMESTOWN, AL.",34.39758896,-85.6266308,125,sq mi,3/14/1929,2/20/1967,1967,Little River Canyon National Preserve,CUPN,Cumberland Piedmont Network
310,CURE,9126500,s_09126500,"CIMARRON RIVER AT CIMARRON, CO.",38.44109929,-107.5542252,209,sq mi,6/13/1903,5/25/1967,1967,Curecanti National Recreation Area,NCPN,Northern Colorado Plateau Network
109,BICA,6286350,s_06286350,Dry Head Cr ab Hoodoo Cr nr Pryor MT,45.2193111,-108.1609583,76,sq mi,5/13/1966,6/18/1967,1967,Bighorn Canyon National Recreation Area,GRYN,Greater Yellowstone Network
36,AMIS,8450500,s_08450500,"Devils Rv nr mouth, Del Rio, TX",29.46966839,-101.0573219,4305,sq mi,9/24/1955,9/3/1967,1967,Amistad National Recreation Area,CHDN,Chihuahuan Desert Network
313,CURE,9124700,s_09124700,"GUNNISON RIVER BELOW BLUE MESA DAM, CO.",38.45221354,-107.3481119,3453,sq mi,5/21/1963,1/3/1968,1968,Curecanti National Recreation Area,NCPN,Northern Colorado Plateau Network
111,BICA,6286200,s_06286200,"SHOSHONE RIVER AT KANE, WY",44.8622222,-108.2088889,2989,sq mi,6/8/1958,6/9/1968,1968,Bighorn Canyon National Recreation Area,GRYN,Greater Yellowstone Network
513,GLCA,9334300,s_09334300,"FARLEY CANYON NEAR HITE, UTAH",37.81665558,-110.4006959,12,sq mi,9/8/1961,8/1/1968,1968,Glen Canyon National Recreation Area,SCPN,Southern Colorado Plateau Network
523,GOGA,11460165,s_11460165,AUDUBON C NR BOLINAS CA,37.92964749,-122.6819288,0,,2/21/1968,1/20/1969,1969,Golden Gate National Recreation Area,SFAN,San Francisco Bay Area Network
528,GOGA,11460160,s_11460160,MORSES C A BOLINAS CA,37.9190922,-122.6702614,1,sq mi,2/21/1968,1/20/1969,1969,Golden Gate National Recreation Area,SFAN,San Francisco Bay Area Network
1285,ROMO,9010600,s_09010600,"ONAHU CREEK NEAR GRAND LAKE, CO",40.3227623,-105.8430675,9,sq mi,6/17/1969,6/17/1969,1969,Rocky Mountain National Park,ROMN,Rocky Mountain Network
972,MORA,12096600,s_12096600,"WHITE RIVER NEAR GREENWATER, WA",46.8970539,-121.6181488,16,sq mi,7/27/1965,6/21/1970,1970,Mount Rainier National Park,NCCN,North Coast and Cascades Network
508,GLCA,9334500,s_09334500,WHITE CANYON NEAR HANKSVILLE UTAH,37.79860026,-110.3765285,276,sq mi,8/2/1951,8/5/1970,1970,Glen Canyon National Recreation Area,SCPN,Southern Colorado Plateau Network
514,GLCA,9334000,s_09334000,"NORTH WASH NEAR HANKSVILLE (HITE), UTAH",37.8985992,-110.4493091,136,sq mi,9/19/1950,9/12/1970,1970,Glen Canyon National Recreation Area,SCPN,Southern Colorado Plateau Network
37,AMIS,8377500,s_08377500,"Rio Grande at Langtry, TX",29.80020299,-101.5670584,81429,sq mi,4/6/1900,7/27/1971,1971,Amistad National Recreation Area,CHDN,Chihuahuan Desert Network
669,GRSM,3513500,s_03513500,"NOLAND CREEK NEAR BRYSON CITY, NC",35.48481705,-83.5040515,14,sq mi,4/6/1936,7/31/1971,1971,Great Smoky Mountains National Park,APHN,Appalachian Highlands Network
1358,SEQU,11208625,s_11208625,EF KAWEAH R A SEQ NATL P BNDRY NR HAMMOND CA,36.4582761,-118.6539834,24,sq mi,5/31/1969,7/13/1972,1972,Sequoia National Park,SIEN,Sierra Nevada Network
1760,YOSE,11274710,s_11274710,MACLURE C BL MACLURE GLCR NR TUOLUMNE MDWS CA,37.7524299,-119.2820929,0,,7/28/1967,7/15/1972,1972,Yosemite National Park,SIEN,Sierra Nevada Network
800,JOTR,10259600,s_10259600,COTTONWOOD WASH NR COTTONWOOD SPRINGS CA,33.74446164,-115.8272154,1,sq mi,9/5/1960,10/3/1972,1972,Joshua Tree National Park,MOJN,Mojave Desert Network
353,DEVA,10251600,s_10251600,SALSBERRY C NR SHOSHONE CA,35.91940608,-116.4355874,0,,1959,10/3/1972,1972,Death Valley National Park,MOJN,Mojave Desert Network
351,DEVA,10251000,s_10251000,BIG DIP C NR STOVEPIPE WELLS CA,36.9179936,-117.2939587,1,sq mi,11/11/1958,10/20/1972,1972,Death Valley National Park,MOJN,Mojave Desert Network
1218,REDW,11482400,s_11482400,PRAIRIE C TRIB NR KLAMATH CA,41.41373307,-124.0317388,0,,1961-12,1/16/1973,1973,Redwood National Park,KLMN,Klamath Network
1346,SEQU,11208500,s_11208500,MF KAWEAH TRIB NR HAMMOND CA,36.49300156,-118.825932,2,sq mi,2/1/1960,1/18/1973,1973,Sequoia National Park,SIEN,Sierra Nevada Network
1332,SAMO,11105700,s_11105700,LITTLE SYCAMORE C NR NEWBERRY PARK CA,34.0916737,-118.9495416,1,sq mi,11/27/1960,2/11/1973,1973,Santa Monica Mountains National Recreation Area,MEDN,Mediterranean Coast Network
1327,SAMO,11105200,s_11105200,COLD C TRIB NR MALIBU BEACH CA,34.09861767,-118.6725865,0,,11/5/1960,2/11/1973,1973,Santa Monica Mountains National Recreation Area,MEDN,Mediterranean Coast Network
354,DEVA,10251200,s_10251200,SPRING C A FURNACE C INN CA,36.44439304,-116.8383853,0,,9/12/1959,2/11/1973,1973,Death Valley National Park,MOJN,Mojave Desert Network
1494,THRO,6336400,s_06336400,"JULES CREEK NEAR MEDORA, ND",46.9941809,-103.4874073,4,sq mi,3/9/1955,2/28/1973,1973,Theodore Roosevelt National Park,NGPN,Northern Great Plains Network
1497,THRO,6336200,s_06336200,"SHEEP CREEK TRIB 2 NEAR MEDORA, ND",46.92556947,-103.4735183,0,,1958-02,2/28/1973,1973,Theodore Roosevelt National Park,NGPN,Northern Great Plains Network
83,BADL,6446200,s_06446200,WHITE R NEAR ROCKYFORD SD,43.51443415,-102.4921161,2902,sq mi,5/25/1965,4/18/1973,1973,Badlands National Park,NGPN,Northern Great Plains Network
567,GRCA,9403000,s_09403000,"BRIGHT ANGEL CREEK NEAR GRAND CANYON, ARIZ.",36.10303836,-112.0962798,101,sq mi,9/10/1924,5/12/1973,1973,Grand Canyon National Park,SCPN,Southern Colorado Plateau Network
1784,YOSE,11267700,s_11267700,STRAWBERRY C NR WAWONA CA,37.63604205,-119.6829422,1,sq mi,2/1/1963,5/17/1973,1973,Yosemite National Park,SIEN,Sierra Nevada Network
1768,YOSE,11279300,s_11279300,SMOKEY JACK C TRIB NR YOSEMITE VILLAGE CA,37.81936827,-119.7135061,1,sq mi,2/1/1963,5/18/1973,1973,Yosemite National Park,SIEN,Sierra Nevada Network
1783,YOSE,11274730,s_11274730,BUDD C NR TUOLUMNE MEADOWS CA,37.87353595,-119.3829353,3,sq mi,6/16/1963,5/18/1973,1973,Yosemite National Park,SIEN,Sierra Nevada Network
1349,SEQU,11209000,s_11209000,DORST C NR KAWEAH CAMP CA,36.64577828,-118.8051008,6,sq mi,5/12/1960,5/20/1973,1973,Sequoia National Park,SIEN,Sierra Nevada Network
81,BADL,6446430,s_06446430,WHITE R TRIB NEAR CONATA SD,43.8466575,-102.2096039,0,,7/6/1956,5/27/1973,1973,Badlands National Park,NGPN,Northern Great Plains Network
1353,SEQU,11208620,s_11208620,EF KAWEAH R BL MOSQUITO C NR HAMMOND CA,36.45133088,-118.6187048,16,sq mi,5/31/1969,6/8/1973,1973,Sequoia National Park,SIEN,Sierra Nevada Network
1342,SEQU,11208610,s_11208610,MONARCH C NR HAMMOND CA,36.45244139,-118.5945377,2,sq mi,6/1/1969,6/8/1973,1973,Sequoia National Park,SIEN,Sierra Nevada Network
1496,THRO,6336980,s_06336980,"LITTLE MISSOURI R TRIB NR WATFORD CITY, ND",47.6019601,-103.2785243,2,sq mi,6/21/1960,6/18/1973,1973,Theodore Roosevelt National Park,NGPN,Northern Great Plains Network
1081,OLYM,12039400,s_12039400,"HIGLEY CREEK NEAR AMANDA PARK, WA",47.48147498,-123.8965677,1,sq mi,11/18/1954,1/16/1974,1974,Olympic National Park,NCCN,North Coast and Cascades Network
482,GLAC,12357400,s_12357400,M F Flathead River trib at West Glacier MT,48.5001722,-113.9674528,1,sq mi,4/3/1960,4/20/1974,1974,Glacier National Park,ROMN,Rocky Mountain Network
1567,UPDE,1427405,s_01427405,DELAWARE R NR CALLICOON NY,41.77055556,-75.0841667,1708,sq mi,3/24/1968,12/9/1974,1974,Upper Delaware Scenic and Recreational River,ERMN,Eastern Rivers and Mountains Network
1046,OLYM,12041600,s_12041600,"SOLEDUCK RIVER TRIBUTARY NEAR FAIRHOLM, WA",48.04564019,-123.9610362,0,,11/3/1955,12/21/1974,1974,Olympic National Park,NCCN,North Coast and Cascades Network
1126,OZAR,7066500,s_07066500,"Current River near Eminence, MO",37.18393686,-91.2584654,1272,sq mi,1904-03,1/11/1975,1975,Ozark National Scenic Riverways,HTLN,Heartland Network
1770,YOSE,11267300,s_11267300,SF MERCED R A WAWONA CA,37.53882469,-119.6621022,100,sq mi,12/23/1955,6/2/1975,1975,Yosemite National Park,SIEN,Sierra Nevada Network
1280,ROMO,9010400,s_09010400,"JIMMY CREEK NEAR GRAND LAKE, CO.",40.37553958,-105.8805688,0,,6/23/1969,7/3/1975,1975,Rocky Mountain National Park,ROMN,Rocky Mountain Network
1290,ROMO,9010100,s_09010100,"LADY CREEK NEAR GRAND LAKE, CO",40.46553889,-105.846678,0,,5/27/1969,7/4/1975,1975,Rocky Mountain National Park,ROMN,Rocky Mountain Network
421,EVER,2290800,s_02290800,"TAYLOR SLOUGH NEAR HOMESTEAD, FL",25.40333917,-80.6070968,NA,,9/24/1960,7/6/1975,1975,Everglades National Park,SFCN,South Florida/Caribbean Network
346,DEVA,10250600,s_10250600,WILDROSE C NR WILDROSE STATION CA,36.26494685,-117.1786704,24,sq mi,8/5/1961,9/7/1975,1975,Death Valley National Park,MOJN,Mojave Desert Network
44,APCO,2038800,s_02038800,"APPOMATTOX RIVER NEAR APPOMATTOX, VA",37.38208927,-78.78973459,6,sq mi,8/17/1955,3/31/1976,1976,Appomattox Court House National Historical Park,MIDN,Mid-Atlantic Network
1459,SHEN,1662300,s_01662300,"THORNTON RIVER TRIB NEAR THORNTON GAP, VA",38.66900907,-78.29139168,1,sq mi,8/24/1967,9/15/1976,1976,Shenandoah National Park,MIDN,Mid-Atlantic Network
1359,SEQU,11208630,s_11208630,ATWELL C AB MINERAL KING HWY NR HAMMOND CA,36.46577658,-118.6759284,1,sq mi,3/13/1971,5/31/1977,1977,Sequoia National Park,SIEN,Sierra Nevada Network
108,BICA,6286258,s_06286258," BIG COULEE NEAR LOVELL, WYO.",44.9677322,-108.2906712,30,sq mi,7/22/1970,5/3/1978,1978,Bighorn Canyon National Recreation Area,GRYN,Greater Yellowstone Network
492,GLAC,5014000,s_05014000,Grinnell Creek nr. Many Glacier MT,48.77011389,-113.6986194,3,sq mi,6/22/1950,6/6/1978,1978,Glacier National Park,ROMN,Rocky Mountain Network
1037,OLYM,12043150,s_12043150,"OZETTE RIVER AT OZETTE, WA",48.15339917,-124.6691213,78,sq mi,3/9/1977,3/7/1979,1979,Olympic National Park,NCCN,North Coast and Cascades Network
1333,SAMO,11105500,s_11105500,MALIBU C AT CRATER CAMP NR CALABASAS CA,34.07778456,-118.7017534,105,sq mi,2/4/1931,3/27/1979,1979,Santa Monica Mountains National Recreation Area,MEDN,Mediterranean Coast Network
1330,SAMO,11104000,s_11104000,TOPANGA C NR TOPANGA BCH CA,34.06445228,-118.587028,18,sq mi,3/15/1930,3/27/1979,1979,Santa Monica Mountains National Recreation Area,MEDN,Mediterranean Coast Network
245,CHAT,2335950,s_02335950,"CHATTAHOOCHEE RIVER AT I-75, NEAR ATLANTA, GA",33.87454809,-84.4474294,1440,sq mi,1/9/1946,4/13/1979,1979,Chattahoochee River National Recreation Area,SECN,Southeast Coast Network
799,JOTR,10253350,s_10253350,FORTYNINE PALMS C NR TWENTYNINE PALMS CA,34.12000347,-116.0961148,9,sq mi,1961-08,7/20/1979,1979,Joshua Tree National Park,MOJN,Mojave Desert Network
1114,OLYM,12041500,s_12041500,"SOLEDUCK RIVER NEAR FAIRHOLM, WA",48.0442513,-123.9590917,84,sq mi,12/18/1917,12/17/1979,1979,Olympic National Park,NCCN,North Coast and Cascades Network
82,BADL,6446550,s_06446550,WHITE R TRIB NEAR INTERIOR SD,43.7474931,-101.9476526,0,,1956-06,7/12/1980,1980,Badlands National Park,NGPN,Northern Great Plains Network
1234,REDW,11532620,s_11532620,MILL C NR CRESCENT CITY,41.742059,-124.1028553,29,sq mi,1/16/1974,12/2/1980,1980,Redwood National Park,KLMN,Klamath Network
1211,REDW,11482200,s_11482200,REDWOOD C AT S PARK BOUNDARY NR ORICK CA,41.1717918,-123.9497889,185,sq mi,11/24/1970,12/2/1980,1980,Redwood National Park,KLMN,Klamath Network
782,INDU,4095050,s_04095050,"DUNES CREEK NR DUNE ACRES, IN",41.65364887,-87.0630888,3,sq mi,6/13/1981,6/13/1981,1981,Indiana Dunes National Park,GLKN,Great Lakes Network
1369,SHEN,1628150,s_01628150,"DEEP RUN NEAR GROTTOES, VA",38.27318487,-78.7597459,1,sq mi,4/30/1980,3/21/1982,1982,Shenandoah National Park,MIDN,Mid-Atlantic Network
1765,YOSE,11275000,s_11275000,FALLS C NR HETCH HETCHY CA,37.97075376,-119.7643429,46,sq mi,6/9/1916,10/26/1982,1982,Yosemite National Park,SIEN,Sierra Nevada Network
181,BUFF,7057000,s_07057000,"Buffalo River near Rush, AR",36.11729369,-92.554607,1096,sq mi,8/19/1915,12/3/1982,1982,Buffalo National River,HTLN,Heartland Network
195,BUFF,7055650,s_07055650,"SMITH CREEK NEAR BOXLEY, AR",35.9473001,-93.3979603,8,sq mi,6/16/1963,12/3/1982,1982,Buffalo National River,HTLN,Heartland Network
101,BIBE,8374500,s_08374500,"Terlingua Ck nr Terlingua, TX",29.20020053,-103.604629,1070,sq mi,5/28/1932,5/8/1983,1983,Big Bend National Park,CHDN,Chihuahuan Desert Network
34,AMIS,8450900,s_08450900,"Rio Grande bl Amistad Dam nr Del Rio, TX",29.42522559,-101.04121,123143,sq mi,1954-06,5/31/1983,1983,Amistad National Recreation Area,CHDN,Chihuahuan Desert Network
625,GRSM,3469110,s_03469110,"RAMSEY CREEK NEAR PITMAN CENTER, TN",35.7592614,-83.3468236,2,sq mi,8/1/1967,2/1/1985,1985,Great Smoky Mountains National Park,APHN,Appalachian Highlands Network
1182,PRWI,1658650,s_01658650,"S F QUANTICO CREEK NEAR DUMFRIES, VA",38.5717869,-77.348872,17,sq mi,3/29/1984,2/12/1985,1985,Prince William Forest Park,NCRN,National Capital Region Network
1191,PRWI,1658550,s_01658550,"S F QUANTICO CREEK AT CAMP 5, NEAR JOPLIN, VA",38.57734285,-77.4097064,10,sq mi,3/29/1984,2/12/1985,1985,Prince William Forest Park,NCRN,National Capital Region Network
1167,PRWI,1658480,s_01658480,"QUANTICO CREEK NEAR DUMFRIES, VA",38.57289796,-77.3472053,7,sq mi,3/29/1984,2/12/1985,1985,Prince William Forest Park,NCRN,National Capital Region Network
168,BLRI,3448000,s_03448000,"FRENCH BROAD RIVER AT BENT CREEK, NC",35.50205666,-82.5923464,676,sq mi,7/15/1916,11/2/1985,1985,Blue Ridge Parkway,APHN,Appalachian Highlands Network
1050,OLYM,12039300,s_12039300,"NORTH FORK QUINAULT RIVER NEAR AMANDA PARK, WA",47.59592118,-123.624344,74,sq mi,11/29/1964,1/18/1986,1986,Olympic National Park,NCCN,North Coast and Cascades Network
1013,NIOB,6462000,s_06462000,NIOBRARA RIVER NR NORDEN NEBR,42.78694679,-100.0353998,8390,sq mi,6/20/1953,6/10/1986,1986,Niobrara National Scenic River,NGPN,Northern Great Plains Network
1656,YELL,6187550,s_06187550,Yellowstone River at Tower Junction YNP,44.92041667,-110.4044389,1346,sq mi,7/7/1984,6/19/1986,1986,Yellowstone National Park,GRYN,Greater Yellowstone Network
629,GRSM,3461200,s_03461200,"COSBY CREEK ABOVE COSBY, TN",35.7828746,-83.2173746,10,sq mi,9/30/1959,4/17/1987,1987,Great Smoky Mountains National Park,APHN,Appalachian Highlands Network
489,GLAC,12355100,s_12355100,"Starvation Creek near Flathead, BC",48.93746389,-114.3918389,17,sq mi,5/28/1986,5/1/1987,1987,Glacier National Park,ROMN,Rocky Mountain Network
300,CONG,2169672,s_02169672,"CEDAR CREEK AT CONGAREE NP NEAR GADSDEN, SC",33.81626536,-80.8273121,71,sq mi,1/7/1982,9/11/1987,1987,Congaree National Park,SECN,Southeast Coast Network
348,DEVA,10251100,s_10251100,SALT C NR STOVEPIPE WELLS CA,36.5993918,-117.0136699,NA,,7/30/1974,4/15/1988,1988,Death Valley National Park,MOJN,Mojave Desert Network
1108,OLYM,12040700,s_12040700,"HOH RIVER BELOW MT TOM CREEK NEAR FORKS, WA",47.86841907,-123.8851952,98,sq mi,1/18/1986,10/16/1988,1988,Olympic National Park,NCCN,North Coast and Cascades Network
1235,REDW,11482468,s_11482468,LITTLE LOST MAN C A SITE NO 2 NR ORICK CA,41.3220674,-124.0206264,3,sq mi,3/18/1975,11/22/1988,1988,Redwood National Park,KLMN,Klamath Network
352,DEVA,10250800,s_10250800,DARWIN WASH NR DARWIN CA,36.3207222,-117.5225278,173,sq mi,8/8/1963,12/26/1988,1988,Death Valley National Park,MOJN,Mojave Desert Network
1502,TUSK,9419647,s_09419647,"LAS VEGAS WASH TRIB NR N LAS VEGAS, NV",36.3027458,-115.139727,62,sq mi,9/19/1963,8/14/1989,1989,Tule Springs Fossil Beds National Monument,MOJN,Mojave Desert Network
76,ARCH,9183000,s_09183000,"COURTHOUSE WASH NEAR MOAB, UTAH",38.61275926,-109.5798402,162,sq mi,9/19/1950,8/18/1989,1989,Arches National Park,NCPN,Northern Colorado Plateau Network
1588,VAFO,1473193,s_01473193,"Schuylkill River at Port Kennedy, PA",40.1076069,-75.4207432,1690,sq mi,3/23/1977,5/30/1990,1990,Valley Forge National Historical Park,MIDN,Mid-Atlantic Network
791,JODA,14040500,s_14040500,"JOHN DAY R AT PICTURE GORGE, NR DAYVILLE,OREG.",44.5206992,-119.6260938,1680,sq mi,6/9/1927,5/20/1991,1991,John Day Fossil Beds National Monument,UCBN,Upper Columbia Basin Network
237,CHAT,2335990,s_02335990,"CHATTAHOOCHEE RIVER AT US 41, AT ATLANTA, GA",33.86766667,-84.4541111,1440,sq mi,1/10/1972,9/2/1991,1991,Chattahoochee River National Recreation Area,SECN,Southeast Coast Network
221,CHAT,2335500,s_02335500,"CHATTAHOOCHEE RIVER NEAR ROSWELL, GA",34.0056555,-84.3313139,1230,sq mi,1886-04,9/2/1991,1991,Chattahoochee River National Recreation Area,SECN,Southeast Coast Network
23,AGFO,6454100,s_06454100,"Niobrara River at Agate, Nebr.",42.4236111,-103.7922222,934,sq mi,7/19/1958,3/5/1992,1992,Agate Fossil Beds National Monument,NGPN,Northern Great Plains Network
1592,VIIS,50292600,s_50292600,"LAMESHUR BAY GUT AT LAMESHUR BAY, ST. JOHN  USVI",18.32439926,-64.7218031,0,,11/27/1992,11/27/1992,1992,Virgin Islands National Park,SFCN,South Florida/Caribbean Network
1501,TUSK,9419648,s_09419648,LAS VEGAS WASH ABV DETENTION BASIN NR N LAS VEGAS,36.30246806,-115.1391714,NA,,8/11/1989,1/17/1993,1993,Tule Springs Fossil Beds National Monument,MOJN,Mojave Desert Network
850,LAKE,9419515,s_09419515,"MUDDY RV ABV LAKE MEAD NR OVERTON, NV",36.52247537,-114.4144229,7215,sq mi,3/30/1979,2/11/1993,1993,Lake Mead National Recreation Area,MOJN,Mojave Desert Network
1728,YELL,6189000,s_06189000,Blacktail Deer Creek nr Mammoth YNP,44.94963889,-110.5865028,14,sq mi,6/6/1938,5/13/1993,1993,Yellowstone National Park,GRYN,Greater Yellowstone Network
1118,ORPI,9520300,s_09520300,"ALAMO WASH TRIB NEAR AJO, ARIZ.",32.1000634,-112.7715421,1,sq mi,8/15/1963,8/27/1993,1993,Organ Pipe Cactus National Monument,SODN,Sonoran Desert Network
1012,NIOB,6462500,s_06462500,"PLUM CREEK AT MEADVILLE, NE",42.75361097,-99.8640082,536,sq mi,4/25/1948,9/3/1994,1994,Niobrara National Scenic River,NGPN,Northern Great Plains Network
941,MNRR,6467500,s_06467500,"MISSOURI RIVER AT YANKTON, SD",42.86610887,-97.3939479,279500,sq mi,1881-04-05,8/21/1995,1995,Missouri National Recreational River,NGPN,Northern Great Plains Network
1657,YELL,6037000,s_06037000,Gibbon River near West Yellowstone MT,44.64910556,-110.7847361,112,sq mi,5/15/1984,5/18/1996,1996,Yellowstone National Park,GRYN,Greater Yellowstone Network
856,LAKE,9423000,s_09423000,"COLORADO RIVER BELOW DAVIS DAM, AZ-NV",35.19166556,-114.5721876,173300,sq mi,1/14/1950,8/5/1996,1996,Lake Mead National Recreation Area,MOJN,Mojave Desert Network
1394,SHEN,1628060,s_01628060,"WHITE OAK RUN NEAR GROTTOES, VA",38.2504077,-78.7489123,2,sq mi,11/26/1979,9/6/1996,1996,Shenandoah National Park,MIDN,Mid-Atlantic Network
713,GRTE,13010450,s_13010450,"PILGRIM CREEK NEAR MORAN, WY",43.9038296,-110.5874305,48,sq mi,6/6/1997,6/6/1997,1997,Grand Teton National Park,GRYN,Greater Yellowstone Network
395,EBLA,12170320,s_12170320,"UNNAMED TRIBUTARY PENN COVE NEAR SAN DE FUCA, WA",48.2389881,-122.7085046,3,sq mi,10/30/1997,10/30/1997,1997,Ebey's Landing National Historical Reserve,NCCN,North Coast and Cascades Network
84,BAND,8313368,s_08313368,"CAPULIN CN BLW PAINTED CV AT BANDELIER NAT MON, NM",35.71974988,-106.3189163,NA,,6/26/1996,8/11/1998,1998,Bandelier National Monument,SCPN,Southern Colorado Plateau Network
86,BAND,8313365,s_08313365,"CAPULIN CN ABV RANGER STA AT BANDELIER NAT MON, NM",35.77724817,-106.3508619,NA,,6/26/1996,8/11/1998,1998,Bandelier National Monument,SCPN,Southern Colorado Plateau Network
865,LAKE,941959030,s_0941959030,"LOVELL WASH AT NORTHSHORE RD NR CALLVILLE BAY, NV",36.19664456,-114.6930408,9,sq mi,8/14/1998,8/14/1998,1998,Lake Mead National Recreation Area,MOJN,Mojave Desert Network
855,LAKE,941959025,s_0941959025,CALLVILLE WASH AT NORTHSHORE RD NR CALLVILLE BAY,36.1966446,-114.6883184,18,sq mi,7/22/1984,8/14/1998,1998,Lake Mead National Recreation Area,MOJN,Mojave Desert Network
845,LAKE,941959050,s_0941959050,W END WASH AT NORTHSHORE RD NR CALLVILLE BAY,36.1908107,-114.7374869,13,sq mi,7/22/1984,3/9/2001,2001,Lake Mead National Recreation Area,MOJN,Mojave Desert Network
860,LAKE,9419940,s_09419940,"BOXCAR WASH AT NORTHSHORE RD NR CALLVILLE BAY, NV",36.17442155,-114.774988,4,sq mi,7/22/1984,3/9/2001,2001,Lake Mead National Recreation Area,MOJN,Mojave Desert Network
863,LAKE,9419920,s_09419920,GOVERNMENT WASH AT NORTHSHORE RD NR LAS VEGAS BAY,36.149143,-114.8469349,14,sq mi,7/22/1984,3/9/2001,2001,Lake Mead National Recreation Area,MOJN,Mojave Desert Network
1348,SEQU,11208000,s_11208000,MARBLE F KAWEAH R (R ONLY) A POTWISHA CAMP CA,36.5218899,-118.7992652,51,sq mi,5/29/1950,11/24/2001,2001,Sequoia National Park,SIEN,Sierra Nevada Network
1339,SEQU,11206501,s_11206501,MF KAWEAH R NR POTWISHA CAMP(TOTAL FLOW) CA,36.5132787,-118.7917648,102,sq mi,11/24/2001,11/24/2001,2001,Sequoia National Park,SIEN,Sierra Nevada Network
1338,SEQU,11206500,s_11206500,MF KAWEAH R NR POTWISHA CAMP(RIVER ONLY) CA,36.51300095,-118.7917648,102,sq mi,2/6/1950,11/8/2002,2002,Sequoia National Park,SIEN,Sierra Nevada Network
164,BLRI,345638607,s_0345638607,"UNNMD TRIB TO PISGAH CR AT FLAT LAUREL GAP, NC",35.4053876,-82.7562396,0,,9/26/2002,4/29/2003,2003,Blue Ridge Parkway,APHN,Appalachian Highlands Network
785,ISRO,4001000,s_04001000,"WASHINGTON CREEK AT WINDIGO, MI",47.9212792,-89.1459197,13,sq mi,4/30/1965,5/12/2003,2003,Isle Royale National Park,GLKN,Great Lakes Network
201,BUFF,7055893,s_07055893,"Calf Creek near Silver Hill, AR",35.96701964,-92.775722,45,sq mi,2/16/2001,5/16/2003,2003,Buffalo National River,HTLN,Heartland Network
859,LAKE,9415240,s_09415240,"VIRGIN RV NR OVERTON, NV",36.5830311,-114.3249746,NA,,12/27/2003,12/27/2003,2003,Lake Mead National Recreation Area,MOJN,Mojave Desert Network
1604,WICR,7052160,s_07052160,"Wilson Creek near Battlefield, MO",37.11775,-93.4038611,58,sq mi,1/29/1969,3/5/2004,2004,Wilson's Creek National Battlefield,HTLN,Heartland Network
537,GRBA,10243240,s_10243240,"BAKER CK AT NARROWS NR BAKER, NV",38.9907799,-114.2066609,16,sq mi,6/10/1948,6/7/2004,2004,Great Basin National Park,MOJN,Mojave Desert Network
1676,YELL,13046680,s_13046680,BOUNDARY CREEK NR BECHLER RANGER STATION Y.N.P. WY,44.18527778,-111.0077778,87,sq mi,8/16/1984,6/10/2004,2004,Yellowstone National Park,GRYN,Greater Yellowstone Network
1500,TIMU,2231289,s_02231289,"NASSAU RIVER NEAR HEDGES, FL",30.57468167,-81.608708,274,sq mi,3/31/1987,9/7/2004,2004,Timucuan Ecological and Historic Preserve,SECN,Southeast Coast Network
361,DEWA,1439000,s_01439000,DELAWARE R AT DINGMANS FERRY PA,41.2200947,-74.860724,3542,sq mi,10/10/1903,4/4/2005,2005,Delaware Water Gap National Recreation Area,ERMN,Eastern Rivers and Mountains Network
3,ACAD,1022835,s_01022835,"Cadillac Brook near Bar Harbor, Maine",44.34416667,-68.2169444,0,,2/14/2000,10/9/2005,2005,Acadia National Park,NETN,Northeast Temperate Network
1479,SLBE,4126802,s_04126802,"CRYSTAL RIVER AT COUNTY HWY 675 NR GLEN ARBOR, MI",44.9033291,-85.9623135,45,sq mi,5/31/2004,5/19/2006,2006,Sleeping Bear Dunes National Lakeshore,GLKN,Great Lakes Network
1694,YELL,6187950,s_06187950,Soda Butte Cr nr Lamar Ranger Station YNP,44.86898889,-110.164775,101,sq mi,6/16/1989,5/13/2007,2007,Yellowstone National Park,GRYN,Greater Yellowstone Network
1495,THRO,6336300,s_06336300,"LITTLE MISSOURI R TRIB NR MEDORA, ND",46.951403,-103.5060193,0,,1955-03,3/21/2009,2009,Theodore Roosevelt National Park,NGPN,Northern Great Plains Network
488,GLAC,5013900,s_05013900,Grinnell C at G Glacier nr Many Glacier MT,48.757675,-113.7246694,1,sq mi,8/3/1960,7/13/2009,2009,Glacier National Park,ROMN,Rocky Mountain Network
368,DEWA,1438520,s_01438520,White Brook tributary at Montague NJ,41.30138889,-74.7944444,0,,9/16/1999,3/13/2010,2010,Delaware Water Gap National Recreation Area,ERMN,Eastern Rivers and Mountains Network
1306,SACN,5336000,s_05336000,"ST. CROIX RIVER NEAR GRANTSBURG, WI",45.9235613,-92.639088,2820,sq mi,4/24/1923,3/16/2010,2010,Saint Croix National Scenic Riverway,GLKN,Great Lakes Network
707,GRTE,13016240,s_13016240,"LAKE CR BEL GRANITE CR SUPPLEMENTAL, NR MOOSE, WY",43.61354119,-110.7796546,22,sq mi,7/12/1995,6/8/2010,2010,Grand Teton National Park,GRYN,Greater Yellowstone Network
1149,PETR,8329938,s_08329938," LADERA ARROYO AT ALBUQUERQUE, NM",35.11555556,-106.7466667,0,,8/27/1993,10/1/2010,2010,Petroglyph National Monument,SCPN,Southern Colorado Plateau Network
1097,OLYM,12044900,s_12044900,"ELWHA RIVER ABOVE LAKE MILLS NR PORT ANGELES, WA",47.970089,-123.5907453,198,sq mi,5/9/1994,12/12/2010,2010,Olympic National Park,NCCN,North Coast and Cascades Network
1172,PRWI,1659000,s_01659000,"N BRANCH CHOPAWAMSIC CR NR INDEPENDENT HILL, VA",38.56512118,-77.4258175,6,sq mi,12/21/1951,9/9/2011,2011,Prince William Forest Park,NCRN,National Capital Region Network
876,LIRI,2398950,s_02398950,WEST FORK LITTLE R AT DESOTO PARK NR FORT PAYNE AL,34.4973111,-85.6163028,43,sq mi,1/8/1998,11/28/2011,2011,Little River Canyon National Preserve,CUPN,Cumberland Piedmont Network
1325,SAMO,11105510,s_11105510,MALIBU C A MALIBU CA,34.0433333,-118.6841667,109,sq mi,1/5/2008,4/13/2012,2012,Santa Monica Mountains National Recreation Area,MEDN,Mediterranean Coast Network
466,GARI,3190400,s_03190400,"MEADOW RIVER NEAR MT. LOOKOUT, WV",38.18983209,-80.94676579,365,sq mi,3/7/1967,1/31/2013,2013,Gauley River National Recreation Area,ERMN,Eastern Rivers and Mountains Network
778,INDU,4095100,s_04095100,"DERBY DITCH AT BEVERLY SHORES, IN",41.68392677,-86.9986435,5,sq mi,1/23/2012,4/19/2013,2013,Indiana Dunes National Park,GLKN,Great Lakes Network
777,INDU,4095158,s_04095158,"KINTZELE DITCH AT BEVERLY SHORES, IN",41.7013361,-86.9401861,13,sq mi,6/26/2013,6/26/2013,2013,Indiana Dunes National Park,GLKN,Great Lakes Network
776,INDU,4095154,s_04095154,"BROWN DITCH AT BEVERLY SHORES, IN",41.69627778,-86.9444222,5,sq mi,6/27/2013,6/27/2013,2013,Indiana Dunes National Park,GLKN,Great Lakes Network
321,CUVA,4206220,s_04206220,Yellow Creek at Botzum OH,41.16311095,-81.583731,31,sq mi,7/31/1992,7/10/2013,2013,Cuyahoga Valley National Park,HTLN,Heartland Network
888,MEVE,9370600,s_09370600,"MANCOS RIVER AT ANITAS FLAT BELOW MANCOS, CO",37.2524964,-108.3578618,162,sq mi,8/5/2007,6/11/2015,2015,Mesa Verde National Park,SCPN,Southern Colorado Plateau Network
259,CHCU,9367680,s_09367680,"CHACO WASH AT CHACO CANYON NATIONAL MONUMENT, NM",36.0283722,-107.9189806,578,sq mi,7/23/1976,10/6/2015,2015,Chaco Culture National Historical Park,SCPN,Southern Colorado Plateau Network
205,BUFF,7055814,s_07055814,"Big Creek at Carver, AR",35.97896536,-93.0435069,90,sq mi,6/25/2014,12/27/2015,2015,Buffalo National River,HTLN,Heartland Network
949,MOCA,9505400,s_09505400,"BEAVER CREEK NR LAKE MONTEZUMA, AZ",34.615,-111.8372222,426,sq mi,12/29/2004,2/1/2016,2016,Montezuma Castle National Monument,SODN,Sonoran Desert Network
841,LAKE,9421500,s_09421500,"COLORADO RV BLW HOOVER DAM, AZ-NV",36.01525847,-114.7385936,171700,sq mi,5/19/1934,3/30/2016,2016,Lake Mead National Recreation Area,MOJN,Mojave Desert Network
946,MNRR,6466000,s_06466000,"Niobrara River at Niobrara, Nebr.",42.74844444,-98.058,NA,,7/3/2001,5/1/2016,2016,Missouri National Recreational River,NGPN,Northern Great Plains Network
1297,SACN,5332500,s_05332500,"NAMEKAGON RIVER NEAR TREGO, WI",45.9480012,-91.888235,488,sq mi,9/14/1928,7/14/2016,2016,Saint Croix National Scenic Riverway,GLKN,Great Lakes Network
207,CACH,9379025,s_09379025,"CHINLE CREEK AT CHINLE, AZ",36.155,-109.5375,639,sq mi,4/10/2000,9/30/2016,2016,Canyon de Chelly National Monument,SCPN,Southern Colorado Plateau Network
118,BICY,2288800,s_02288800,"TAMIAMI CANAL OUTLETS, MONROE TO CARNESTOWN, FLA",25.88772088,-81.2616343,NA,,10/21/1999,6/8/2017,2017,Big Cypress National Preserve,SFCN,South Florida/Caribbean Network
861,LAKE,9419507,s_09419507,"MUDDY RV AT LEWIS AVENUE AT OVERTON, NV",36.53527778,-114.4283333,6940,sq mi,9/12/1998,7/26/2017,2017,Lake Mead National Recreation Area,MOJN,Mojave Desert Network
128,BICY,2290947,s_02290947,SWEETWATER STRAND AT LOOP RD. NR MONROE STATION FL,25.7885722,-81.0999222,NA,,9/27/2015,9/11/2017,2017,Big Cypress National Preserve,SFCN,South Florida/Caribbean Network
130,BICY,2288900,s_02288900,"TAMIAMI CANAL OUTLETS, 40-MILE BEND TO MONROE, FL",25.85176527,-80.9803467,NA,,8/24/1992,9/11/2017,2017,Big Cypress National Preserve,SFCN,South Florida/Caribbean Network
945,MNRR,6465700,s_06465700,"Verdigre Creek near Verdigre, Nebr.",42.65444444,-98.0433333,NA,,6/25/2003,10/3/2017,2017,Missouri National Recreational River,NGPN,Northern Great Plains Network
140,BISO,3410500,s_03410500,"SOUTH FORK CUMBERLAND RIVER NEAR STEARNS, KY",36.62702209,-84.5332723,954,sq mi,1929-03,2/11/2018,2018,Big South Fork National River and Recreation Area,APHN,Appalachian Highlands Network
136,BISO,3410210,s_03410210,"SOUTH FK CUMBERLAND RIVER AT LEATHERWOOD FORD, TN",36.47738108,-84.6693676,806,sq mi,5/7/1984,2/11/2018,2018,Big South Fork National River and Recreation Area,APHN,Appalachian Highlands Network
904,MISS,5330920,s_05330920,"MINNESOTA RIVER AT FORT SNELLING STATE PARK, MN",44.8702432,-93.1924432,16900,sq mi,6/17/2004,7/2/2018,2018,Mississippi National River and Recreation Area,GLKN,Great Lakes Network
839,LAKE,9404222,s_09404222,"SPENCER CREEK NEAR PEACH SPRINGS, AZ",35.7999,-113.65535,258,sq mi,9/4/1998,10/4/2018,2018,Lake Mead National Recreation Area,MOJN,Mojave Desert Network
581,GRCA,9404115,s_09404115,"HAVASU CREEK ABOVE THE MOUTH, NEAR SUPAI, AZ",36.30581618,-112.761305,3020,sq mi,9/8/1995,10/6/2018,2018,Grand Canyon National Park,SCPN,Southern Colorado Plateau Network
590,GRCA,9403850,s_09403850,"KANAB CREEK ABOVE THE MOUTH NEAR SUPAI, AZ",36.39581624,-112.6318566,2367,sq mi,7/31/2012,10/6/2018,2018,Grand Canyon National Park,SCPN,Southern Colorado Plateau Network
760,HEHO,5464942,s_05464942,"Hoover Cr at Hoover Nat Hist Site, West Branch, IA",41.6695833,-91.3506389,3,sq mi,6/7/1967,10/6/2018,2018,Herbert Hoover National Historic Site,HTLN,Heartland Network
600,GRCA,9402500,s_09402500,"COLORADO RIVER NEAR GRAND CANYON, AZ",36.10137176,-112.0862795,141600,sq mi,1884-07-08,11/7/2018,2018,Grand Canyon National Park,SCPN,Southern Colorado Plateau Network
847,LAKE,9415250,s_09415250,"VIRGIN RV ABV LAKE MEAD NR OVERTON, NV",36.51325,-114.3359806,5929,sq mi,8/1/2006,3/7/2019,2019,Lake Mead National Recreation Area,MOJN,Mojave Desert Network
89,BAND,8313350,s_08313350,"RITO DE LOS FRIJOLES IN BANDELIER NAT MON, NM",35.77638889,-106.2683333,18,sq mi,6/18/1965,3/12/2019,2019,Bandelier National Monument,SCPN,Southern Colorado Plateau Network
842,LAKE,9404208,s_09404208,"DIAMOND CREEK NEAR PEACH SPRINGS, AZ",35.76498839,-113.3682663,279,sq mi,7/18/1994,9/23/2019,2019,Lake Mead National Recreation Area,MOJN,Mojave Desert Network
948,MNRR,6478526,s_06478526,"Missouri River near Maskell, Nebr.",42.71469444,-96.9436111,NA,,12/25/1990,10/1/2019,2019,Missouri National Recreational River,NGPN,Northern Great Plains Network
942,MNRR,6466010,s_06466010,"Missouri River nr Niobrara, Nebr.",42.76877778,-97.9896667,265500,sq mi,9/20/1996,10/1/2019,2019,Missouri National Recreational River,NGPN,Northern Great Plains Network
934,MNRR,6453620,s_06453620,"MISSOURI RIVER BELOW PONCA CR NEAR VERDEL, NE",42.78814444,-98.0834694,NA,,9/4/1999,10/1/2019,2019,Missouri National Recreational River,NGPN,Northern Great Plains Network
67,APPA,1199000,s_01199000,"HOUSATONIC RIVER AT FALLS VILLAGE, CT",41.95731548,-73.36928577,634,sq mi,3/29/1913,12/15/2019,2019,Appalachian National Scenic Trail,NETN,Northeast Temperate Network
893,MISS,5331000,s_05331000,"MISSISSIPPI RIVER AT ST. PAUL, MN",44.9444444,-93.0881111,36800,sq mi,1893-05-06,4/6/2020,2020,Mississippi National River and Recreation Area,GLKN,Great Lakes Network
900,MISS,5288500,s_05288500,"MISSISSIPPI RIVER AT HWY 610 IN BROOKLYN PARK, MN",45.12880126,-93.2992726,19100,sq mi,6/16/1931,4/6/2020,2020,Mississippi National River and Recreation Area,GLKN,Great Lakes Network
378,DEWA,1440200,s_01440200,Delaware River near Delaware Water Gap Pa,41.0133333,-75.0861111,3850,sq mi,8/19/1955,5/2/2020,2020,Delaware Water Gap National Recreation Area,ERMN,Eastern Rivers and Mountains Network
1537,UPDE,1427510,s_01427510,DELAWARE RIVER AT CALLICOON NY,41.75675,-75.0574167,1820,sq mi,1/27/1976,12/25/2020,2020,Upper Delaware Scenic and Recreational River,ERMN,Eastern Rivers and Mountains Network
1560,UPDE,1427207,s_01427207,DELAWARE RIVER AT LORDVILLE NY,41.86727778,-75.21375,1590,sq mi,9/18/2004,12/25/2020,2020,Upper Delaware Scenic and Recreational River,ERMN,Eastern Rivers and Mountains Network
885,MACA,3309000,s_03309000,"GREEN RIVER AT MAMMOTH CAVE, KY",37.18004845,-86.1124757,2020,sq mi,1913,3/3/2021,2021,Mammoth Cave National Park,CUPN,Cumberland Piedmont Network
1029,OBRI,3539778,s_03539778,"CLEAR CREEK AT LILLY BRIDGE NEAR LANCING, TN",36.1031293,-84.7182771,170,sq mi,1/7/1998,3/28/2021,2021,Obed Wild and Scenic River,APHN,Appalachian Highlands Network
930,MISS,5331580,s_05331580,"MISSISSIPPI RIVER BELOW L&D 2 AT HASTINGS, MN",44.7458333,-92.8477778,37100,sq mi,4/24/1996,4/15/2021,2021,Mississippi National River and Recreation Area,GLKN,Great Lakes Network
1630,YELL,6036905,s_06036905,Firehole River near West Yellowstone MT,44.6201833,-110.8635028,261,sq mi,5/31/1984,5/23/2021,2021,Yellowstone National Park,GRYN,Greater Yellowstone Network
444,FOLA,6670500,s_06670500,"LARAMIE RIVER NEAR FORT LARAMIE, WY",42.20052277,-104.5382908,4564,sq mi,7/27/1915,5/24/2021,2021,Fort Laramie National Historic Site,NGPN,Northern Great Plains Network
486,GLAC,5014300,s_05014300,Swiftcurrent Cr ab Swiftcurrent Lk at Many Glacier,48.7954444,-113.6805833,16,sq mi,5/26/2003,6/4/2021,2021,Glacier National Park,ROMN,Rocky Mountain Network
1681,YELL,6191000,s_06191000,"Gardner River near Mammoth, YNP",44.9923444,-110.690975,198,sq mi,5/17/1939,6/6/2021,2021,Yellowstone National Park,GRYN,Greater Yellowstone Network
10,ACAD,1022840,s_01022840,"Otter Creek near Bar Harbor, Maine",44.33277778,-68.2066667,1,sq mi,4/16/2007,6/9/2021,2021,Acadia National Park,NETN,Northeast Temperate Network
853,LAKE,9419570,s_09419570,"ECHO WASH AT NORTHSHORE RD NR ECHO BAY, NV",36.30914519,-114.4891456,106,sq mi,8/15/1990,7/18/2021,2021,Lake Mead National Recreation Area,MOJN,Mojave Desert Network
858,LAKE,9419910,s_09419910,"GYPSUM WASH AT NORTHSHORE RD NR LAS VEGAS BAY, NV",36.1449761,-114.8655467,101,sq mi,7/22/1984,7/25/2021,2021,Lake Mead National Recreation Area,MOJN,Mojave Desert Network
852,LAKE,9419545,s_09419545,"VALLEY OF FIRE WASH NR OVERTON, NV",36.40497748,-114.4188663,28,sq mi,8/10/1981,7/25/2021,2021,Lake Mead National Recreation Area,MOJN,Mojave Desert Network
1323,SAGU,9485000,s_09485000,"RINCON CREEK NEAR TUCSON, AZ.",32.12952258,-110.625914,45,sq mi,7/30/1953,7/27/2021,2021,Santa Monica Mountains National Recreation Area,SODN,Sonoran Desert Network
851,LAKE,9419530,s_09419530,"VIRGIN RV BLW CONF OF MUDDY RV NR OVERTON, NV",36.4475583,-114.3529139,13393,sq mi,3/14/2020,8/20/2021,2021,Lake Mead National Recreation Area,MOJN,Mojave Desert Network
911,MISS,5289800,s_05289800,"MINNEHAHA CREEK AT HIAWATHA AVE. IN MINNEAPOLIS,MN",44.91552097,-93.2127224,176,sq mi,8/2/2006,8/26/2021,2021,Mississippi National River and Recreation Area,GLKN,Great Lakes Network
467,GARI,3189600,s_03189600,"GAULEY RIVER BELOW SUMMERSVILLE DAM, WV",38.2151103,-80.8881536,805,sq mi,12/11/1966,9/2/2021,2021,Gauley River National Recreation Area,ERMN,Eastern Rivers and Mountains Network
382,DEWA,1440000,s_01440000,Flat Brook near Flatbrookville NJ,41.1061111,-74.9525,64,sq mi,4/7/1924,9/2/2021,2021,Delaware Water Gap National Recreation Area,ERMN,Eastern Rivers and Mountains Network
1561,UPDE,1427500,s_01427500,CALLICOON CREEK AT CALLICOON NY,41.76055556,-75.04838889,110,sq mi,12/29/1940,9/23/2021,2021,Upper Delaware Scenic and Recreational River,ERMN,Eastern Rivers and Mountains Network
507,GLCA,9382000,s_09382000,"PARIA RIVER AT LEES FERRY, AZ",36.87220977,-111.5946052,1410,sq mi,9/10/1924,10/6/2021,2021,Glen Canyon National Recreation Area,SCPN,Southern Colorado Plateau Network
246,CHAT,2335815,s_02335815,"CHATTAHOOCHEE RIVER BELOW MORGAN FALLS DAM, GA",33.96775,-84.3836667,1370,sq mi,5/4/2002,10/14/2021,2021,Chattahoochee River National Recreation Area,SECN,Southeast Coast Network
531,GOGA,11460400,s_11460400,LAGUNITAS C A SAMUEL P TAYLOR STATE PARK CA,38.0268673,-122.736377,34,sq mi,3/13/1983,10/24/2021,2021,Golden Gate National Recreation Area,SFAN,San Francisco Bay Area Network
520,GOGA,11460151,s_11460151,REDWOOD C A HWY 1 BRIDGE A MUIR BEACH CA,37.8661111,-122.578611,7,sq mi,12/11/2014,10/24/2021,2021,Golden Gate National Recreation Area,SFAN,San Francisco Bay Area Network
1776,YOSE,11274790,s_11274790,TUOLUMNE R A GRAND CYN OF TUOLUMNE AB HETCH HETCHY,37.9165884,-119.6598938,301,sq mi,5/12/2007,10/25/2021,2021,Yosemite National Park,SIEN,Sierra Nevada Network
1763,YOSE,11266500,s_11266500,MERCED R A POHONO BRIDGE NR YOSEMITE CA,37.71627778,-119.6656667,321,sq mi,6/10/1917,10/25/2021,2021,Yosemite National Park,SIEN,Sierra Nevada Network
1778,YOSE,11264500,s_11264500,MERCED R A HAPPY ISLES BRIDGE NR YOSEMITE CA,37.73131496,-119.5590514,181,sq mi,6/7/1916,10/25/2021,2021,Yosemite National Park,SIEN,Sierra Nevada Network
344,DEPO,11224000,s_11224000,MF SAN JOAQUIN R NR MAMMOTH LAKES CA,37.63194444,-119.0863889,44,sq mi,6/23/2011,10/25/2021,2021,Devils Postpile National Monument,SIEN,Sierra Nevada Network
745,GWMP,1646000,s_01646000,"DIFFICULT RUN NEAR GREAT FALLS, VA",38.97594346,-77.24581439,58,sq mi,9/6/1935,10/25/2021,2021,George Washington Memorial Parkway,NCRN,National Capital Region Network
1781,YOSE,11278000,s_11278000,ELEANOR C NR HETCH HETCHY CA,37.969088,-119.882124,78,sq mi,5/13/1915,10/26/2021,2021,Yosemite National Park,SIEN,Sierra Nevada Network
1506,UPDE,1432160,s_01432160,DELAWARE RIVER AT BARRYVILLE NY,41.47536824,-74.91238898,2659,sq mi,6/28/2006,10/27/2021,2021,Upper Delaware Scenic and Recreational River,ERMN,Eastern Rivers and Mountains Network
1515,UPDE,1428500,s_01428500,DELAWARE R ABOVE LACKAWAXEN R NEAR BARRYVILLE NY,41.50875,-74.9860556,2020,sq mi,12/30/1940,10/27/2021,2021,Upper Delaware Scenic and Recreational River,ERMN,Eastern Rivers and Mountains Network
1499,TIMU,2246825,s_02246825,"CLAPBOARD CREEK NR JACKSONVILLE, FL",30.44838056,-81.5182611,NA,,11/9/2015,11/9/2021,2021,Timucuan Ecological and Historic Preserve,SECN,Southeast Coast Network
1071,OLYM,12056500,s_12056500,"NF SKOKOMISH R BL STAIRCASE RPDS NR HOODSPORT, WA",47.51425666,-123.3298868,57,sq mi,2/2/1925,11/15/2021,2021,Olympic National Park,NCCN,North Coast and Cascades Network
519,GOGA,11162753,s_11162753,SAN MATEO C BL LO CRYSTAL SP RES NR SAN MATEO CA,37.52944444,-122.3583333,30,sq mi,2/15/2009,12/17/2021,2021,Golden Gate National Recreation Area,SFAN,San Francisco Bay Area Network
1127,OZAR,7065495,s_07065495,"Jacks Fork at Alley Spring, MO",37.14816667,-91.4430833,298,sq mi,11/14/1993,12/18/2021,2021,Ozark National Scenic Riverways,HTLN,Heartland Network
1129,OZAR,7065200,s_07065200,"Jacks Fork near Mountain View, MO",37.05652778,-91.6680278,185,sq mi,5/8/2002,12/18/2021,2021,Ozark National Scenic Riverways,HTLN,Heartland Network
527,GOGA,11162620,s_11162620,PILARCITOS C BL STONE DAM NR HILLSBOROUGH CA,37.52466087,-122.3994177,7,sq mi,2/7/1998,12/23/2021,2021,Golden Gate National Recreation Area,SFAN,San Francisco Bay Area Network
172,BLUE,3179000,s_03179000,"BLUESTONE RIVER NEAR PIPESTEM, WV",37.54400779,-81.0103678,395,sq mi,12/31/1908,1/2/2022,2022,Bluestone National Scenic River,ERMN,Eastern Rivers and Mountains Network
1206,REDW,11532500,s_11532500,SMITH R NR CRESCENT CITY CA,41.7915026,-124.0761887,614,sq mi,1927,1/3/2022,2022,Redwood National Park,KLMN,Klamath Network
161,BITH,8041000,s_08041000,"Neches Rv at Evadale, TX",30.35576378,-94.0932373,7951,sq mi,1884,1/11/2022,2022,Big Thicket National Preserve,GULN,Gulf Coast Network
693,GRSM,3460000,s_03460000,"CATALOOCHEE CREEK NEAR CATALOOCHEE, NC",35.6672222,-83.0727778,49,sq mi,3/12/1935,2/4/2022,2022,Great Smoky Mountains National Park,APHN,Appalachian Highlands Network
765,HOBE,2414715,s_02414715,"TALLAPOOSA RIVER NR NEW SITE, AL.(HORSESHOE BEND)",32.97734526,-85.7396808,2058,sq mi,3/14/1986,2/4/2022,2022,Horseshoe Bend National Military Park,SECN,Southeast Coast Network
58,APPA,1572190,s_01572190,"Swatara Creek near Inwood, PA",40.4792558,-76.530797,167,sq mi,5/17/1989,2/4/2022,2022,Appalachian National Scenic Trail,NETN,Northeast Temperate Network
170,BLRI,2024752,s_02024752,"JAMES RIVER AT BLUE RIDGE PKWY NR BIG ISLAND, VA",37.55541524,-79.3672547,3076,sq mi,11/17/2006,2/5/2022,2022,Blue Ridge Parkway,APHN,Appalachian Highlands Network
1008,NERI,3185400,s_03185400,"NEW RIVER AT THURMOND, WV",37.95511285,-81.07648838,6752,sq mi,5/29/1981,2/5/2022,2022,New River Gorge National Park and Preserve,ERMN,Eastern Rivers and Mountains Network
1122,OZAR,7064533,s_07064533,"Current River above Akers, MO",37.37569444,-91.5528056,295,sq mi,5/8/2002,2/17/2022,2022,Ozark National Scenic Riverways,HTLN,Heartland Network
318,CUVA,4206425,s_04206425,Cuyahoga River at Jaite OH,41.28894396,-81.56511929,555,sq mi,5/8/2012,2/18/2022,2022,Cuyahoga Valley National Park,HTLN,Heartland Network
1030,OBRI,3539800,s_03539800,"OBED RIVER NEAR LANCING, TN",36.0814937,-84.6703113,518,sq mi,3/23/1929,2/23/2022,2022,Obed Wild and Scenic River,APHN,Appalachian Highlands Network
618,GRSM,3497300,s_03497300,"LITTLE RIVER ABOVE TOWNSEND, TN",35.66453328,-83.7112821,106,sq mi,4/7/1964,2/23/2022,2022,Great Smoky Mountains National Park,APHN,Appalachian Highlands Network
139,BISO,3409500,s_03409500,"CLEAR FORK NEAR ROBBINS, TN",36.38828757,-84.6301881,272,sq mi,3/23/1929,2/23/2022,2022,Big South Fork National River and Recreation Area,APHN,Appalachian Highlands Network
878,LIRI,2399200,s_02399200,LITTLE RIVER NEAR BLUE POND AL,34.2889813,-85.6805204,199,sq mi,3/15/1929,2/23/2022,2022,Little River Canyon National Preserve,CUPN,Cumberland Piedmont Network
939,MNRR,6465500,s_06465500,"Niobrara River near Verdel, Nebr.",42.7397222,-98.2227778,11580,sq mi,5/2/1938,3/2/2022,2022,Missouri National Recreational River,NGPN,Northern Great Plains Network
317,CUVA,4206448,s_04206448,Chippewa Ck in Chippewa Met Pk near Brecksville OH,41.31672109,-81.5978997,18,sq mi,8/27/2013,3/7/2022,2022,Cuyahoga Valley National Park,HTLN,Heartland Network
229,CHAT,2334653,s_02334653,CHATTAHOOCHEE R 0.76 MI US MCGINNIS FY SUWANEE GA,34.0567222,-84.1083333,1090,sq mi,5/5/2011,3/8/2022,2022,Chattahoochee River National Recreation Area,SECN,Southeast Coast Network
248,CHAT,2335880,s_02335880,"CHATT R AT POWERS FY & I-285 NR ATLANTA, GA",33.9019722,-84.4430278,1420,sq mi,12/10/1919,3/9/2022,2022,Chattahoochee River National Recreation Area,SECN,Southeast Coast Network
227,CHAT,2335450,s_02335450,"CHATTAHOOCHEE RIVER ABOVE ROSWELL, GA",33.98580556,-84.3156944,1220,sq mi,3/30/1977,3/13/2022,2022,Chattahoochee River National Recreation Area,SECN,Southeast Coast Network
233,CHAT,2335000,s_02335000,"CHATTAHOOCHEE RIVER NEAR NORCROSS, GA",33.9972222,-84.2019444,1170,sq mi,1886-04,3/13/2022,2022,Chattahoochee River National Recreation Area,SECN,Southeast Coast Network
238,CHAT,2336000,s_02336000,"CHATTAHOOCHEE RIVER AT ATLANTA, GA",33.85916667,-84.4544444,1450,sq mi,1886-04,4/5/2022,2022,Chattahoochee River National Recreation Area,SECN,Southeast Coast Network
1498,TIMU,2231291,s_02231291,"NASSAU RIVER NEAR TISONIA, FL",30.5507931,-81.5898179,285,sq mi,4/23/2014,4/7/2022,2022,Timucuan Ecological and Historic Preserve,SECN,Southeast Coast Network
297,CONG,2169625,s_02169625,"CONGAREE RIVER AT CONGAREE NP NEAR GADSDEN, SC",33.81071,-80.8670348,8290,sq mi,12/9/1983,4/8/2022,2022,Congaree National Park,SECN,Southeast Coast Network
369,DEWA,1439500,s_01439500,"Bush Kill at Shoemakers, PA",41.08815078,-75.03767469,117,sq mi,2/20/1909,4/8/2022,2022,Delaware Water Gap National Recreation Area,ERMN,Eastern Rivers and Mountains Network
1293,SACN,5333500,s_05333500,"ST. CROIX RIVER NEAR DANBURY, WI",46.0761111,-92.2466667,1580,sq mi,4/24/1914,4/14/2022,2022,Saint Croix National Scenic Riverway,GLKN,Great Lakes Network
1296,SACN,5331833,s_05331833,"NAMEKAGON RIVER AT LEONARDS, WI",46.1713687,-91.3293778,126,sq mi,4/26/1996,4/14/2022,2022,Saint Croix National Scenic Riverway,GLKN,Great Lakes Network
516,GOGA,11162619,s_11162619,PILARCITOS C AB STONE DAM NR HILLSBOROUGH CA,37.52813889,-122.4000833,6,sq mi,4/14/2022,4/14/2022,2022,Golden Gate National Recreation Area,SFAN,San Francisco Bay Area Network
525,GOGA,11162737,s_11162737,SAN MATEO C BL JUNCTION BOX A DAM1 NR HILLSBOROUGH,37.5559722,-122.4177222,2,sq mi,4/16/2022,4/16/2022,2022,Golden Gate National Recreation Area,SFAN,San Francisco Bay Area Network
521,GOGA,11162735,s_11162735,SAN MATEO C AB JUNCTION BOX A DAM1 NR HILLSBOROUGH,37.5569722,-122.41825,2,sq mi,4/16/2022,4/16/2022,2022,Golden Gate National Recreation Area,SFAN,San Francisco Bay Area Network
1158,PIRO,4044755,s_04044755,"MINERS RIVER NR MUNISING, MI",46.48772616,-86.5407188,13,sq mi,4/10/2017,4/25/2022,2022,Pictured Rocks National Lakeshore,GLKN,Great Lakes Network
870,LAMR,7227890,s_07227890,"Big Blue Ck nr Fritch, TX",35.72077778,-101.6625278,407,sq mi,1/3/2011,4/28/2022,2022,Lake Meredith National Recreation Area,SOPN,Southern Plains Network
1016,NIOB,6463720,s_06463720,"Niobrara River at Mariaville, Nebr.",42.78055556,-99.3397222,9810,sq mi,2/28/1986,4/30/2022,2022,Niobrara National Scenic River,NGPN,Northern Great Plains Network
1018,NIOB,6461500,s_06461500,"Niobrara River near Sparks, Nebr.",42.90207778,-100.3625278,7150,sq mi,9/19/1946,4/30/2022,2022,Niobrara National Scenic River,NGPN,Northern Great Plains Network
196,BUFF,7056700,s_07056700,"Buffalo River near Harriet, AR",36.06777778,-92.5775,1070,sq mi,5/17/2003,5/3/2022,2022,Buffalo National River,HTLN,Heartland Network
191,BUFF,7056000,s_07056000,"Buffalo River near St. Joe, AR",35.98305556,-92.7472222,829,sq mi,1915-08,5/3/2022,2022,Buffalo National River,HTLN,Heartland Network
206,BUFF,7055780,s_07055780,"Buffalo River at Carver Access nr Hasty, AR",35.98313889,-93.04275,NA,,6/1/2013,5/3/2022,2022,Buffalo National River,HTLN,Heartland Network
186,BUFF,7055680,s_07055680,"Buffalo River at Pruitt, AR",36.05916667,-93.1377778,190,sq mi,9/4/2008,5/3/2022,2022,Buffalo National River,HTLN,Heartland Network
188,BUFF,7055660,s_07055660,"Buffalo River at Ponca, AR",36.0225,-93.3547222,116,sq mi,9/14/2008,5/3/2022,2022,Buffalo National River,HTLN,Heartland Network
200,BUFF,7055646,s_07055646,"Buffalo River near Boxley, AR",35.93888889,-93.405,57,sq mi,11/14/1993,5/3/2022,2022,Buffalo National River,HTLN,Heartland Network
1130,OZAR,7064440,s_07064440,"Current River at Montauk State Park, MO",37.44791667,-91.6713611,59,sq mi,4/14/2007,5/5/2022,2022,Ozark National Scenic Riverways,HTLN,Heartland Network
40,ANTI,1619500,s_01619500,"ANTIETAM CREEK NEAR SHARPSBURG, MD",39.44977778,-77.7301944,281,sq mi,7/11/1928,5/7/2022,2022,Antietam National Battlefield,NCRN,National Capital Region Network
51,APPA,1571184,s_01571184,"Mountain Creek near Pine Grove Furnace, PA",40.0309245,-77.3085949,14,sq mi,6/27/2006,5/7/2022,2022,Appalachian National Scenic Trail,NETN,Northeast Temperate Network
276,CHOH,1646500,s_01646500,"POTOMAC RIVER NEAR WASH, DC LITTLE FALLS PUMP STA",38.94977778,-77.12763889,11560,sq mi,4/3/1931,5/8/2022,2022,Chesapeake and Ohio Canal National Historical Park,NCRN,National Capital Region Network
286,CHOH,1638500,s_01638500,"POTOMAC RIVER AT POINT OF ROCKS, MD",39.2735833,-77.5431111,9651,sq mi,1889-06-02,5/8/2022,2022,Chesapeake and Ohio Canal National Historical Park,NCRN,National Capital Region Network
1779,YOSE,11276500,s_11276500,TUOLUMNE R NR HETCH HETCHY CA,37.93742147,-119.7982326,457,sq mi,6/1/1915,5/12/2022,2022,Yosemite National Park,SIEN,Sierra Nevada Network
614,GRPO,4010510,s_04010510,GRAND PORTAGE RIVER AT GRAND PORTAGE MN,47.9634982,-89.6834233,7,sq mi,6/29/1991,5/13/2022,2022,Grand Portage National Monument,GLKN,Great Lakes Network
1493,THRO,6337000,s_06337000,"LITTLE MISSOURI RIVER NR WATFORD CITY, ND",47.59140556,-103.2526667,8310,sq mi,7/11/1935,5/13/2022,2022,Theodore Roosevelt National Park,NGPN,Northern Great Plains Network
819,KNRI,6340590,s_06340590,"KNIFE RIVER NR STANTON, ND",47.3580547,-101.3976595,NA,,6/3/2013,5/15/2022,2022,Knife River Indian Villages National Historic Site,NGPN,Northern Great Plains Network
918,MISS,5283500,s_05283500,"MISSISSIPPI RIVER AT US HWY 169 AT CHAMPLIN, MN",45.19163166,-93.394676,17280,sq mi,1897-04-05,5/18/2022,2022,Mississippi National River and Recreation Area,GLKN,Great Lakes Network
162,BLCA,9128000,s_09128000,"GUNNISON RIVER BELOW GUNNISON TUNNEL, CO",38.52915336,-107.648947,3971,sq mi,6/13/1906,5/19/2022,2022,Black Canyon of the Gunnison National Park,NCPN,Northern Colorado Plateau Network
315,CURE,9127000,s_09127000,"CIMARRON RIVER BLW CIMARRON CREEK AT CIMARRON, CO",38.44694444,-107.5552222,230,sq mi,6/2/1943,5/19/2022,2022,Curecanti National Recreation Area,NCPN,Northern Colorado Plateau Network
1355,SEQU,11206820,s_11206820,MARBLE FORK KAWEAH R AB HORSE C NR LODGEPOLE CA,36.61166667,-118.7016667,8,sq mi,5/26/2014,5/19/2022,2022,Sequoia National Park,SIEN,Sierra Nevada Network
391,DINO,9260050,s_09260050,"YAMPA RIVER AT DEERLODGE PARK, CO",40.45163387,-108.525101,7931,sq mi,5/7/1982,5/20/2022,2022,Dinosaur National Monument,NCPN,Northern Colorado Plateau Network
157,BITH,8040600,s_08040600,"Neches Rv nr Town Bluff, TX",30.79103579,-94.1510237,7574,sq mi,1884-05,5/23/2022,2022,Big Thicket National Preserve,GULN,Gulf Coast Network
264,CHIC,73298507,s_073298507,Travertine Creek above U.S. 177 at Sulphur,34.50444444,-96.9688889,4,sq mi,6/8/2014,5/25/2022,2022,Chickasaw National Recreation Area,SOPN,Southern Plains Network
267,CHIC,7329852,s_07329852,"Rock Creek at Sulphur, OK",34.49536695,-96.9886281,44,sq mi,4/26/1990,5/25/2022,2022,Chickasaw National Recreation Area,SOPN,Southern Plains Network
72,APPA,3460795,s_03460795,"PIGEON R BL POWER PLANT NR WATERVILLE, NC",35.7836111,-83.1119444,538,sq mi,3/3/1997,5/26/2022,2022,Appalachian National Scenic Trail,NETN,Northeast Temperate Network
165,BLRI,2056000,s_02056000,"ROANOKE RIVER AT NIAGARA, VA",37.2551384,-79.87142539,509,sq mi,12/26/1926,5/27/2022,2022,Blue Ridge Parkway,APHN,Appalachian Highlands Network
534,GRBA,10243260,s_10243260,"LEHMAN CK NR BAKER, NV",39.0116129,-114.2144392,11,sq mi,6/7/1948,5/27/2022,2022,Great Basin National Park,MOJN,Mojave Desert Network
59,APPA,3454500,s_03454500,"FRENCH BROAD RIVER AT HOT SPRINGS, NC",35.88991667,-82.821,1567,sq mi,1796-08,5/27/2022,2022,Appalachian National Scenic Trail,NETN,Northeast Temperate Network
721,GRTE,13011500,s_13011500,"PACIFIC CREEK AT MORAN, WY",43.85105315,-110.5171505,169,sq mi,6/15/1918,5/28/2022,2022,Grand Teton National Park,GRYN,Greater Yellowstone Network
715,GRTE,13011000,s_13011000,"SNAKE RIVER NEAR MORAN, WY",43.85855089,-110.586597,807,sq mi,5/26/1904,5/30/2022,2022,Grand Teton National Park,GRYN,Greater Yellowstone Network
393,DINO,9261000,s_09261000,"GREEN RIVER NEAR JENSEN, UT",40.40940757,-109.2354043,29660,sq mi,5/29/1904,5/31/2022,2022,Dinosaur National Monument,NCPN,Northern Colorado Plateau Network
1594,VOYA,5129290,s_05129290,"GOLD PORTAGE OUTLET FROM KABETOGAMA LK NR RAY,MN",48.5243635,-93.0748688,NA,,7/9/1983,5/31/2022,2022,Voyageurs National Park,GLKN,Great Lakes Network
1655,YELL,6036940,s_06036940,"Tantalus Creek at Norris Junction, YNP",44.732725,-110.7132528,1,sq mi,7/3/2004,6/11/2022,2022,Yellowstone National Park,GRYN,Greater Yellowstone Network
1691,YELL,6187915,s_06187915,Soda Butte Cr at Park Bndry at Silver Gate,45.00283056,-110.0018722,31,sq mi,6/19/1999,6/12/2022,2022,Yellowstone National Park,GRYN,Greater Yellowstone Network
483,GLAC,12355500,s_12355500,N F Flathead River nr Columbia Falls MT,48.4957972,-114.1267639,1556,sq mi,6/14/1911,6/12/2022,2022,Glacier National Park,ROMN,Rocky Mountain Network
491,GLAC,5014500,s_05014500,Swiftcurrent Creek at Many Glacier MT,48.7988333,-113.6567306,31,sq mi,5/28/1913,6/12/2022,2022,Glacier National Park,ROMN,Rocky Mountain Network
709,GRTE,13016305,s_13016305,"GRANITE C AB GRANITE C SUPPLEMENTAL, NR MOOSE, WY",43.60316667,-110.8058333,15,sq mi,7/9/1995,6/13/2022,2022,Grand Teton National Park,GRYN,Greater Yellowstone Network
716,GRTE,13014500,s_13014500,"GROS VENTRE RIVER AT KELLY, WY",43.62088889,-110.6230556,622,sq mi,6/16/1918,6/13/2022,2022,Grand Teton National Park,GRYN,Greater Yellowstone Network
738,GRTE,13013650,s_13013650,"SNAKE RIVER AT MOOSE, WY",43.65405556,-110.7154722,1677,sq mi,6/6/1995,6/13/2022,2022,Grand Teton National Park,GRYN,Greater Yellowstone Network
795,JODR,13010065,s_13010065,SNAKE RIVER AB JACKSON LAKE AT FLAGG RANCH WY,44.09888889,-110.6675,486,sq mi,5/31/1984,6/13/2022,2022,"John D. Rockefeller, Jr., Memorial Parkway",GRYN,Greater Yellowstone Network
1653,YELL,6190540,s_06190540,"Boiling River at Mammoth,YNP",44.9851333,-110.6893444,NA,,5/26/1989,6/13/2022,2022,Yellowstone National Park,GRYN,Greater Yellowstone Network
1751,YELL,6188000,s_06188000,Lamar River nr Tower Ranger Station YNP,44.92817778,-110.3942694,668,sq mi,6/12/1923,6/13/2022,2022,Yellowstone National Park,GRYN,Greater Yellowstone Network
1659,YELL,6037500,s_06037500,"Madison River near West Yellowstone, MT",44.6570722,-111.0679639,435,sq mi,5/21/1914,6/13/2022,2022,Yellowstone National Park,GRYN,Greater Yellowstone Network
1658,YELL,6037100,s_06037100,"Gibbon River at Madison Jct, YNP",44.6408,-110.8610639,125,sq mi,5/25/2003,6/13/2022,2022,Yellowstone National Park,GRYN,Greater Yellowstone Network
1628,YELL,6036805,s_06036805,"Firehole River at Old Faithful, YNP",44.4593333,-110.8222722,39,sq mi,5/21/2007,6/13/2022,2022,Yellowstone National Park,GRYN,Greater Yellowstone Network
1292,ROMO,9010500,s_09010500,"COLORADO RIVER BELOW BAKER GULCH NR GRAND LAKE, CO",40.32581784,-105.8566791,64,sq mi,6/13/1953,6/13/2022,2022,Rocky Mountain National Park,ROMN,Rocky Mountain Network
107,BICA,6287000,s_06287000,"Bighorn River near St. Xavier, MT",45.31690278,-107.9188889,19672,sq mi,6/16/1935,6/18/2022,2022,Bighorn Canyon National Recreation Area,GRYN,Greater Yellowstone Network
1647,YELL,6186500,s_06186500,Yellowstone River at Yellowstone Lk Outlet YNP,44.56709167,-110.3804056,995,sq mi,7/6/1923,7/2/2022,2022,Yellowstone National Park,GRYN,Greater Yellowstone Network
1264,ROCR,1648010,s_01648010,"ROCK CREEK AT JOYCE RD WASHINGTON, DC",38.96016667,-77.0420556,64,sq mi,10/30/2012,7/3/2022,2022,Rock Creek Park,NCRN,National Capital Region Network
1269,ROCR,1648000,s_01648000,"ROCK CREEK AT SHERRILL DRIVE WASHINGTON, DC",38.9725,-77.04,62,sq mi,4/7/1930,7/3/2022,2022,Rock Creek Park,NCRN,National Capital Region Network
1603,WICA,6402430,s_06402430,"BEAVER CREEK NEAR PRINGLE, SD",43.58137177,-103.4765835,46,sq mi,5/27/1991,7/7/2022,2022,Wind Cave National Park,NGPN,Northern Great Plains Network
222,CHAT,2335757,s_02335757,"BIG CREEK BELOW HOG WALLOW CREEK AT ROSWELL, GA",34.0175,-84.3533333,103,sq mi,9/17/2004,7/30/2022,2022,Chattahoochee River National Recreation Area,SECN,Southeast Coast Network
532,GOGA,111626182,s_111626182,PILARCITOS C BL SPILLWAY NR HILLSBOROUGH CA,37.54769444,-122.4208889,4,sq mi,8/11/2022,8/11/2022,2022,Golden Gate National Recreation Area,SFAN,San Francisco Bay Area Network
950,MOJA,9423350,s_09423350,CARUTHERS C NR IVANPAH CA,35.24500556,-115.2989889,1,sq mi,10/18/1963,8/11/2022,2022,Mojave National Preserve,MOJN,Mojave Desert Network
868,LAKE,9419800,s_09419800,"LV WASH BLW LAKE LAS VEGAS NR BOULDER CITY, NV",36.12219816,-114.904992,2193,sq mi,6/26/1964,8/12/2022,2022,Lake Mead National Recreation Area,MOJN,Mojave Desert Network
1792,ZION,9405500,s_09405500,"NORTH FORK VIRGIN RIVER NEAR SPRINGDALE, UT",37.2097046,-112.9785512,344,sq mi,8/2/1913,8/18/2022,2022,Zion National Park,NCPN,Northern Colorado Plateau Network
1793,ZION,9404900,s_09404900,"EAST FORK VIRGIN RIVER NEAR SPRINGDALE, UT",37.16414955,-112.9585499,343,sq mi,9/19/1992,8/18/2022,2022,Zion National Park,NCPN,Northern Colorado Plateau Network
100,BIBE,8374550,s_08374550,"Rio Grande nr Castolon, TX",29.13798,-103.5249033,NA,,9/12/2008,8/31/2022,2022,Big Bend National Park,CHDN,Chihuahuan Desert Network
832,LACL,15298000,s_15298000,TANALIAN R NR PORT ALSWORTH AK,60.1882235,-154.2605366,186,sq mi,8/28/1951,7/17/1956,1956,Lake Clark National Preserve,SWAN,Southwest Alaska Network
1621,WRST,15211500,s_15211500,TEBAY R NR CHITINA AK,61.2314725,-144.1992858,55,sq mi,7/13/1963,6/13/1965,1965,Wrangell-St. Elias National Park,CAKN,Central Alaska Network
336,DENA,15518350,s_15518350,TEKLANIKA R NR LIGNITE AK,63.92008579,-149.4998166,491,sq mi,6/12/1965,7/9/1974,1974,Denali National Park,CAKN,Central Alaska Network
818,KLGO,15056200,s_15056200,WEST C NR SKAGWAY AK,59.5260629,-135.3546086,43,sq mi,9/24/1962,9/12/1977,1977,Klondike Gold Rush National Historical Park,SEAN,Southeast Alaska Network
754,HALE,16501000,s_16501000,"PALIKEA STREAM BL DIV DAM NR KIPAHULU, MAUI, HI",20.68098056,-156.0666083,7,sq mi,11/18/1927,11/24/1982,1982,Haleakala National Park,PACN,Pacific Islands Network
811,KEFJ,15238653,s_15238653,NUKA R NR TIDEWATER NR HOMER AK,59.59913537,-150.6798797,NA,,10/1/1984,10/1/1984,1984,Kenai Fjords National Park,SWAN,Southwest Alaska Network
824,LACL,15299900,s_15299900,TAZIMINA R NR NONDALTON AK,59.9173793,-154.6616306,317,sq mi,9/17/1982,9/23/1986,1986,Lake Clark National Preserve,SWAN,Southwest Alaska Network
1624,WRST,15470330,s_15470330,CHALK C NR NABESNA AK,62.50490918,-143.158807,15,sq mi,9/11/1975,7/15/1992,1992,Wrangell-St. Elias National Preserve,CAKN,Central Alaska Network
805,KALA,16408000,s_16408000,"Waikolu Str blw pipe nr Kalaupapa, Molokai, HI",21.159325,-156.9288889,4,sq mi,4/19/1920,3/31/1996,1996,Kalaupapa National Historical Park,PACN,Pacific Islands Network
1611,WRST,15209800,s_15209800,EF KENNICOTT R AT MCCARTHY AK,61.43400459,-142.9323478,NA,,8/4/1991,7/31/1996,1996,Wrangell-St. Elias National Preserve,CAKN,Central Alaska Network
1788,YUCH,15388060,s_15388060,KANDIK R NR NATION AK,65.3952435,-142.430455,1084,sq mi,6/26/1994,8/14/2000,2000,Yukon-Charley Rivers National Preserve,CAKN,Central Alaska Network
1789,YUCH,15388070,s_15388070,KANDIK R BL THREEMILE C NR NATION AK,65.3852429,-142.4471206,1176,sq mi,8/18/2002,8/18/2002,2002,Yukon-Charley Rivers National Preserve,CAKN,Central Alaska Network
802,KALA,16405500,s_16405500,"Waikolu Str at alt 900 ft nr Kalaupapa, Molokai,HI",21.14210278,-156.918886,2,sq mi,11/30/1956,2/14/2003,2003,Kalaupapa National Historical Park,PACN,Pacific Islands Network
1787,YUCH,15388030,s_15388030,NATION R NR NATION AK,65.23943139,-141.6551518,934,sq mi,8/24/1991,9/1/2003,2003,Yukon-Charley Rivers National Preserve,CAKN,Central Alaska Network
820,LACL,15294700,s_15294700,JOHNSON R AB LATERAL GLACIER NR TUXEDNI BAY AK,60.09411299,-152.912777,25,sq mi,9/21/1995,10/1/2003,2003,Lake Clark National Park,SWAN,Southwest Alaska Network
835,LACL,15294640,s_15294640,LAKE FORK CRESCENT R NR TUXEDNI BAY AK,60.3580556,-152.818611,125,sq mi,6/19/2005,6/19/2006,2006,Lake Clark National Park,SWAN,Southwest Alaska Network
1622,WRST,15211700,s_15211700,STRELNA C NR CHITINA AK,61.510644,-144.0687534,23,sq mi,1971-07,10/9/2006,2006,Wrangell-St. Elias National Park,CAKN,Central Alaska Network
1627,WRST,15470300,s_15470300,L JACK C NR NABESNA AK,62.54379847,-143.324918,7,sq mi,9/11/1975,4/25/2008,2008,Wrangell-St. Elias National Park,CAKN,Central Alaska Network
1614,WRST,15210025,s_15210025,MC CARTHY C AT MC CARTHY AK,61.431227,-142.9192917,76,sq mi,6/22/1994,8/9/2008,2008,Wrangell-St. Elias National Preserve,CAKN,Central Alaska Network
753,HALE,16500300,s_16500300,"Hawelewele Gulch near Kaupo, Maui, HI",20.6301111,-156.182861,17,sq mi,3/24/1967,12/31/2008,2008,Haleakala National Park,PACN,Pacific Islands Network
1608,WRST,15209750,s_15209750,BONANZA C NR MC CARTHY AK,61.4937294,-142.8837439,1,sq mi,10/10/2006,5/30/2011,2011,Wrangell-St. Elias National Preserve,CAKN,Central Alaska Network
499,GLBA,15129000,s_15129000,ALSEK R NR YAKUTAT AK,59.39471189,-138.083688,10490,sq mi,7/4/1992,6/25/2012,2012,Glacier Bay National Park,SEAN,Southeast Alaska Network
822,LACL,15298040,s_15298040,CHULITNA R 5MI AB MOUTH NR PORT ALSWORTH AK,60.2036591,-154.7044349,1110,sq mi,8/18/2010,9/23/2017,2017,Lake Clark National Preserve,SWAN,Southwest Alaska Network
755,HALE,16501200,s_16501200,"Oheo Gulch at dam near Kipahulu, Maui, HI",20.6683611,-156.0522222,9,sq mi,12/6/1988,3/12/2021,2021,Haleakala National Park,PACN,Pacific Islands Network
1198,PUHE,16755900,s_16755900,"Makahuna Gulch at Kawaihae, HI",20.03205556,-155.8229444,2,sq mi,4/18/2016,7/2/2022,2022,Pu'ukohola Heiau National Historic Site,PACN,Pacific Islands Network
1607,WRST,15209700,s_15209700,WF KENNICOTT R AT MCCARTHY AK,61.43372656,-142.9426256,352,sq mi,7/7/1992,7/14/2022,2022,Wrangell-St. Elias National Preserve,CAKN,Central Alaska Network
1626,WRST,15210600,s_15210600,GILAHINA R AT MCCARTHY RD NR CHITINA AK,61.4381516,-143.7187445,52,sq mi,6/24/2010,9/9/2022,2022,Wrangell-St. Elias National Preserve,CAKN,Central Alaska Network
1610,WRST,15209770,s_15209770,NATIONAL C NR MCCARTHY AK,61.48468889,-142.8866167,NA,,9/9/2022,9/9/2022,2022,Wrangell-St. Elias National Preserve,CAKN,Central Alaska Network
817,KLGO,15056210,s_15056210,TAIYA R NR SKAGWAY AK,59.5116183,-135.3462752,178,sq mi,1967-08,9/26/2022,2022,Klondike Gold Rush National Historical Park,SEAN,Southeast Alaska Network
